volume,tipo,caratteri
V005,Contenuto,386155
V005,Struttura,30477
V007,Contenuto,71802
V007,Struttura,
V008,Contenuto,143722
V008,Struttura,16020
V009,Contenuto,109589
V009,Struttura,
V010,Contenuto,157175
V010,Struttura,
V011,Contenuto,
V011,Struttura,202220
V013,Contenuto,
V013,Struttura,254069
V014,Contenuto,
V014,Struttura,221544
V016,Contenuto,
V016,Struttura,58141
V018,Contenuto,
V018,Struttura,146279
V019,Contenuto,
V019,Struttura,155740
V021,Contenuto,179175
V021,Struttura,143892
